企业名称,工作地址,招聘主页,经纬度
广州银行股份有限公司信用卡中心,广州天河区天河城天河南二路24号广州银行,https://www.lagou.com/jobs/3076623.html,"113.33420089110149,23.13713951398517"
广州银行股份有限公司,广州越秀区水荫广州大道北195号新达城广场,https://www.lagou.com/jobs/4837502.html,"113.32079726381185,23.146569161255528"
爱多特（广东）网络技术有限公司,广州越秀区广州大道富力新天地中心45F,https://www.lagou.com/jobs/4912271.html,"113.32103170088887,23.132817365173523"
广州卡宝宝互联网金融信息服务股份有限公司,广州萝岗区广州市萝岗区科学大道162号创意大厦B1栋4楼,https://www.lagou.com/jobs/2983700.html,"113.45650184454807,23.169274876272556"
广州橙新科技有限公司,广州天河区棠下科韵路方圆E时光,https://www.lagou.com/jobs/4336898.html,"113.37858509106314,23.132456654183198"
广州青鹿教育科技有限公司,广州天河区科学城科汇金谷,https://www.lagou.com/jobs/4524434.html,"113.44182679067397,23.17311652254065"
广州久邦世纪科技有限公司,广州越秀区大新中山三路33号中华国际中心A座16、17楼,https://www.lagou.com/jobs/4464126.html,"113.28826188150603,23.131884371130646"
深圳市紫川软件有限公司,广州天河区员村联通新时空大厦,https://www.lagou.com/jobs/4582099.html,"113.36440740020396,23.120595600030125"
上海新炬网络技术有限公司,广州天河区龙口五山街道天河东路346号天诚广场404,https://www.lagou.com/jobs/4132725.html,"113.34730168882412,23.14838225391405"
氪金信息科技（天津）有限公司,广州天河区车陂广州市天河区中山大道中379号联合社区东区6栋楼5层65176518室,https://www.lagou.com/jobs/4567632.html,"113.40949136219155,23.131251201075678"
信必优(深圳)信息技术有限公司,广州天河区天河城太古汇,https://www.lagou.com/jobs/3541829.html,"113.33912451887123,23.14007345064082"
广东省电信规划设计院有限公司,广州天河区华景新城中山大道华景路1号南方通信大厦,https://www.lagou.com/jobs/4504447.html,"113.36393627309974,23.14086420050755"
广州宜赚网络科技有限公司,广州越秀区五羊新城五羊邨地铁站,https://www.lagou.com/jobs/4739952.html,"113.3188595397766,23.124753019446242"
广州玖维信息科技有限公司,广州海珠区新港艺苑路,https://www.lagou.com/jobs/4184915.html,"113.30449276009915,23.09748779840653"
名创优品股份有限公司,广州荔湾区和业广场,https://www.lagou.com/jobs/4911305.html,"113.25382836528536,23.12788777450049"
广州银行股份有限公司信用卡中心,广州天河区天河城天河南二路广州银行二楼,https://www.lagou.com/jobs/4694006.html,"113.33420089110149,23.13713951398517"
武汉佰钧成技术有限责任公司,广州天河区科韵路园区建中路60号科迅大厦,https://www.lagou.com/jobs/4224830.html,"113.37689148604164,23.12932223793473"
美的集团股份有限公司,广州番禺区广州南站美的总部大楼,https://www.lagou.com/jobs/4503644.html,"113.3039306005112,23.050723696301475"
武汉然诺管理咨询有限公司,广州天河区员村科韵路软件园,https://www.lagou.com/jobs/4881668.html,"113.36440740020396,23.120595600030125"
蓝月亮（中国）有限公司,广州黄埔区云埔工业区云埔一路14号颜莊,https://www.lagou.com/jobs/3526825.html,"113.54237970215489,23.151475928947125"
广州游瑞信息科技有限公司,广州天河区棠下棠下路自编119号金悦大厦3楼,https://www.lagou.com/jobs/4895938.html,"113.38221318622004,23.13793955158529"
深圳云介信息科技有限公司,广州海珠区新港东路1088号中洲交易中心915室,https://www.lagou.com/jobs/4510325.html,"113.37852657274732,23.102186893030026"
广州卡宝宝互联网金融信息服务股份有限公司,广州萝岗区广州市萝岗区科学大道162号创意大厦B1栋4楼,https://www.lagou.com/jobs/2727420.html,"113.45650184454807,23.169274876272556"
广东亿迅科技有限公司,广州天河区天河区中山大道西191号省邮校培训楼创新楼,https://www.lagou.com/jobs/4905745.html,"113.37119970465429,23.13918289929538"
广州品快信息科技有限公司,广州海珠区客村海珠区,https://www.lagou.com/jobs/4912645.html,"113.32830927626367,23.096042074601748"
广东省广告集团股份有限公司,广州海珠区琶洲新港东路1000号保利世贸中心G座,https://www.lagou.com/jobs/3395556.html,"113.3735362520816,23.102665795086697"
广州洪兴服饰有限公司,广州天河区粤能大厦,https://www.lagou.com/jobs/4913249.html,"113.31980292315507,23.14047750216012"
广州天源迪科信息技术有限公司,广州天河区珠江新城花城大道18号建滔广场22楼01单元,https://www.lagou.com/jobs/4912328.html,"113.32378564597124,23.12484028296588"
前海易物（深圳）电子商务有限公司广州分公司,广州海珠区琶洲新港东路1000号保利世贸中心C座2011室,https://www.lagou.com/jobs/3577638.html,"113.3735362520816,23.102665795086697"
广州小马信息科技有限公司,广州萝岗区国际企业孵化器E205,https://www.lagou.com/jobs/1669207.html,"113.52257363237052,23.256272300342058"
武汉佰钧成技术有限责任公司,广州天河区科韵路园区建中路60号科迅大厦,https://www.lagou.com/jobs/4615760.html,"113.37689148604164,23.12932223793473"
蓝月亮（中国）有限公司,广州黄埔区南岗埔南路36号,https://www.lagou.com/jobs/3412952.html,"113.55337926807,23.134780900948403"
广东健客医药有限公司,广州萝岗区萝岗区科学大道中99号科汇金谷S栋四街4号一楼前台大厅,https://www.lagou.com/jobs/4122199.html,"113.44182679067397,23.17311652254065"
广州国开信息科技有限公司,广州天河区天河公园中山大道华景软件园,https://www.lagou.com/jobs/1968948.html,"113.3628800032611,23.14106168388106"
广州云翎网络科技有限公司,广州天河区石牌龙口东路129号龙泽商业大厦1102,https://www.lagou.com/jobs/4897528.html,"113.34704193929446,23.143982415872525"
信必优(深圳)信息技术有限公司,广州天河区天河城天河区,https://www.lagou.com/jobs/4912807.html,"113.32917331860459,23.13875698808512"
北京网尚数字电影院线有限公司,广州海珠区琶洲琶洲大道东28号广州国际采购中心1104,https://www.lagou.com/jobs/4540319.html,"113.37836349077187,23.105314085946546"
广州安正软件股份有限公司,广州天河区广州天河区天河路208号粤海天河城大厦380406,https://www.lagou.com/jobs/4859954.html,"113.32976504232516,23.1383445186757"
上海华钦信息科技股份有限公司,广州天河区天河城太古汇,https://www.lagou.com/jobs/4350004.html,"113.33912451887123,23.14007345064082"
广州博冠信息科技有限公司,广州天河区冼村珠江新城金穗路62号侨鑫国际商务大厦,https://www.lagou.com/jobs/3967278.html,"113.32925589983009,23.12854557419562"
武汉屈臣氏个人用品商店有限公司广州分公司,广州越秀区广州市越秀区东风东路761号丽丰中心,https://www.lagou.com/jobs/4176934.html,"113.31592050423376,23.138508682186952"
诺宝莱信息技术（深圳）有限公司,广州天河区龙口天河北路高科大厦B座1003室,https://www.lagou.com/jobs/4689373.html,"113.35155036396951,23.146198154831804"
广东天泽阳光康众医疗投资管理有限公司,广州海珠区琶洲琶洲大道东1号保利国际广场南塔508,https://www.lagou.com/jobs/2600780.html,"113.37823214413346,23.108244702616513"
上海睿民互联网科技有限公司,广州天河区广州大道北195号,https://www.lagou.com/jobs/4897151.html,"113.32079862115148,23.146100672613613"
南京通达海信息技术有限公司,广州越秀区岭南中山四路246号信德商务大厦17楼技术科,https://www.lagou.com/jobs/4640323.html,"113.27770464661371,23.132622852319347"
广州数沃信息科技有限公司,广州天河区石牌黄埔大道西100号富力盈泰广场A塔15楼1501,https://www.lagou.com/jobs/4205023.html,"113.34160151367007,23.131950197985326"
广州博鳌纵横网络科技有限公司,广州萝岗区科学大道231233号A9A10栋,https://www.lagou.com/jobs/4611042.html,"113.42236948704614,23.17259957011846"
广州市骑鹅游信息技术咨询服务有限公司,广州海珠区琶洲保利世界贸易中心E座,https://www.lagou.com/jobs/1705375.html,"113.37414996093123,23.101623936509583"
广州探迹科技有限公司,广州番禺区大学城数字家庭研发中心一期研发大厦,https://www.lagou.com/jobs/3844038.html,"113.40085066839228,23.064408982302982"
北京非常满意科技有限公司,广州天河区五山中山大道西89号天河软件园（华景园区）A栋9楼南908室,https://www.lagou.com/jobs/4377341.html,"113.36616215198318,23.146418116447627"
北京网尚数字电影院线有限公司,广州海珠区琶洲广州市广州市海珠区琶洲大道东28号广州国际采购中心1104,https://www.lagou.com/jobs/4537248.html,"113.37836349077187,23.105314085946546"
武汉佰钧成技术有限责任公司,广州天河区科韵路园区建中路60号科迅大厦,https://www.lagou.com/jobs/4224716.html,"113.37689148604164,23.12932223793473"
前海易物（深圳）电子商务有限公司广州分公司,广州海珠区琶洲新港东路1000号保利世贸中心C座2011室,https://www.lagou.com/jobs/3577671.html,"113.3735362520816,23.102665795086697"
北京智蓝云信科技有限公司,广州天河区天河科技园建中路4446号6层,https://www.lagou.com/jobs/4790453.html,"113.3785928137956,23.132784241264588"
广州市汇聚支付电子科技有限公司,广州天河区体育中心天河路228号广晟大厦11011104室,https://www.lagou.com/jobs/4234214.html,"113.33426615389506,23.138373850068106"
广州市万齐网络科技有限公司,广州萝岗区广州市黄埔区经济开发区博展物流园,https://www.lagou.com/jobs/1753566.html,"113.51098260587904,23.138201078412806"
广州傲银信息科技有限责任公司,广州海珠区琶洲保利叁悦广场C塔1009,https://www.lagou.com/jobs/3717807.html,"113.39128678602071,23.108080009949692"
广东锦峰集团有限公司广州分公司,广州天河区沙河珠江新城华夏路8号合景国际金融广场32楼,https://www.lagou.com/jobs/3456858.html,"113.3283607240168,23.122402082767096"
信必优(深圳)信息技术有限公司,广州海珠区琶洲大道东1号保利国际广场,https://www.lagou.com/jobs/4620587.html,"113.37940322100947,23.109399037349448"
广州亚美信息科技有限公司,广州天河区五山翰景路1号金星大厦6楼,https://www.lagou.com/jobs/3168567.html,"113.35367095336247,23.14978239732175"
武汉佰钧成技术有限责任公司,广州增城市中新118省道与中福南路交汇处附近,https://www.lagou.com/jobs/3903384.html,"113.626532859895,23.292704307327043"
腾宇融资租赁（广州）有限公司,广州天河区沙河华夏路49号,https://www.lagou.com/jobs/3810370.html,"113.32746500023715,23.132048011150108"
广州博鳌纵横网络科技有限公司,广州萝岗区科学大道231233号A9A10栋,https://www.lagou.com/jobs/4509187.html,"113.42236948704614,23.17259957011846"
美的集团股份有限公司,广州番禺区广州南站美的总部大楼,https://www.lagou.com/jobs/4496004.html,"113.3039306005112,23.050723696301475"
广州德惟科技有限公司,广州天河区五山华景新城北路76号,https://www.lagou.com/jobs/4751355.html,"113.36755441054008,23.145832786636564"
肇庆市华盈体育文化发展有限公司,广州天河区珠江新城广州市天河区珠江新城兴民路222号天盈广场东塔3103,https://www.lagou.com/jobs/4040259.html,"113.33948706419528,23.12195452777566"
广州云软数据科技有限公司,广州荔湾区1850创意园,https://www.lagou.com/jobs/4398905.html,"113.24951397999024,23.102214948557265"
广东瑞亚传媒发展有限公司,广州荔湾区芳村花地大道南187号A3栋2001(五行互联网健康产业园),https://www.lagou.com/jobs/3743598.html,"113.2348774966598,23.06322154471793"
广州市悄悄科技有限公司,广州天河区珠江新城,https://www.lagou.com/jobs/3089980.html,"113.33349096564702,23.125725693998607"
广州市丰申网络科技有限公司,广州天河区珠江新城珠江新城金穗路1号邦华环球广场（近珠江新城/五羊邨地铁站）,https://www.lagou.com/jobs/4692381.html,"113.32284621962856,23.130554165948652"
信必优(深圳)信息技术有限公司,广州市市市天河区天河城天河区太古汇,https://www.lagou.com/jobs/3542302.html,"113.33912451887123,23.14007345064082"
广州市漫灵软件有限公司,广州天河区棠下棠下荷光三横路盛达商务园D座,https://www.lagou.com/jobs/4535828.html,"113.38211733792046,23.138759330531812"
广州亚美信息科技有限公司,广州天河区五山翰景路1号金星大厦6楼,https://www.lagou.com/jobs/4831669.html,"113.35367095336247,23.14978239732175"
广东以大供应链管理有限公司,广州天河区元岗元岗路310号智汇parkB栋,https://www.lagou.com/jobs/4415815.html,"113.34801799763753,23.180424741621675"
广州市莱麦互联网科技有限公司,广州天河区棠下天园街道中山大道建工路13，15号503,https://www.lagou.com/jobs/2028584.html,"113.37875351436315,23.12884680105434"
美的集团股份有限公司,广州番禺区美的总部,https://www.lagou.com/jobs/4117636.html,"113.41679952964883,22.93459079579793"
广州富力地产股份有限公司,广州天河区华夏路10号,https://www.lagou.com/jobs/4876324.html,"113.32829065978028,23.123088424840574"
深圳前海大数金融服务有限公司,广州天河区珠江新城珠江新城花城大道20号广州远洋大厦,https://www.lagou.com/jobs/4567181.html,"113.3245464379752,23.12475981662409"
北京联盛世纪科技发展有限公司,广州天河区林和林和中路285号天安人寿1802,https://www.lagou.com/jobs/3959380.html,"113.33512803221801,23.150447761070126"
广州华多网络科技有限公司,广州番禺区广州市番禺区南村镇万博商务区万达商业广场北区B1栋,https://www.lagou.com/jobs/4014300.html,"113.38385206557157,23.009998610192387"
广州小马信息科技有限公司,广州黄埔区科学城国际企业孵化器E栋206,https://www.lagou.com/jobs/3499150.html,"113.4219994750067,23.164411195340815"
广州智悦网络科技有限公司,广州天河区棠下中山大道建中路59号柏朗奴大厦3楼,https://www.lagou.com/jobs/4523759.html,"113.37797940138678,23.129376081889607"
广州中大凯旋电子科技有限公司,广州番禺区大学城小谷围街青蓝街26号研发楼2楼（地铁4号线C出口，招商证券楼上）,https://www.lagou.com/jobs/4337962.html,"113.39290991717834,23.062834339484247"
广州九尾信息科技有限公司,广州番禺区大学城广州市番禺区小谷围青蓝街26号研发楼13层,https://www.lagou.com/jobs/2664322.html,"113.39290991717834,23.062834339484247"
东莞市搜于特信息科技有限公司,广州海珠区南洲广州大道南1601号洋湾岛创意园A53,https://www.lagou.com/jobs/3837214.html,"113.32177807958091,23.079101841489905"
广东以大供应链管理有限公司,广州天河区元岗元岗路310号智汇parkB栋,https://www.lagou.com/jobs/2803572.html,"113.34801799763753,23.180424741621675"
信必优(深圳)信息技术有限公司,广州天河区天河城太古汇,https://www.lagou.com/jobs/4782383.html,"113.33912451887123,23.14007345064082"
江苏润和软件股份有限公司,广州越秀区东风东环市东路500.,https://www.lagou.com/jobs/4882406.html,"113.28834499991822,23.1439470152046"
氪金信息科技（天津）有限公司,广州天河区沙河广州市天河区中山大道379号联合社区东区6号楼517518,https://www.lagou.com/jobs/3157521.html,"113.40949136219155,23.131251201075678"
广州市骑鹅游信息技术咨询服务有限公司,广州海珠区客村新港东路1022号保利世贸中心E座,https://www.lagou.com/jobs/2712500.html,"113.3740576735147,23.101505051371312"
美的集团股份有限公司,广州番禺区广州南站美的总部大楼,https://www.lagou.com/jobs/4508918.html,"113.3039306005112,23.050723696301475"
广州富力地产股份有限公司,广州天河区珠江新城珠江新城华夏路10号富力中心35楼,https://www.lagou.com/jobs/4266065.html,"113.3283178443016,23.123282238767167"
广东以大供应链管理有限公司,广州天河区元岗路310号智汇parkB栋,https://www.lagou.com/jobs/3214480.html,"113.34801799763753,23.180424741621675"
恒峰信息技术有限公司,广州萝岗区科学大道231号总部经济区A9栋8~11楼全层,https://www.lagou.com/jobs/4874493.html,"113.4656115032302,23.178342539777823"
西安西点信息技术有限公司,广州天河区珠江新城陶育路121号802,https://www.lagou.com/jobs/4841682.html,"113.35084804446778,23.13592456165246"
白云电气集团有限公司,广州白云区太和北太路1633号白云电气科技大厦,https://www.lagou.com/jobs/4070106.html,"113.3419322302333,23.304452832654093"
广州云湾信息技术有限公司,广州海珠区江海新港东路28号M+创工场6号楼2F,https://www.lagou.com/jobs/3056668.html,"113.34459096853458,23.103640808345666"
广州市卓越里程教育科技股份有限公司,广州越秀区建设中山四路246号信德商务大厦,https://www.lagou.com/jobs/4502804.html,"113.27770464661371,23.132622852319347"
北京非常满意科技有限公司,广州天河区五山中山大道西89号天河软件园（华景园区）A栋9楼南908室,https://www.lagou.com/jobs/4377348.html,"113.36616215198318,23.146418116447627"
武汉屈臣氏个人用品商店有限公司广州分公司,广州市越秀区东风东风东路761号丽丰中心33楼,https://www.lagou.com/jobs/3359999.html,"113.31592050423376,23.138508682186952"
广州影子控股股份有限公司,广州天河区兴华粤垦路607号力达广场A2座6层,https://www.lagou.com/jobs/4558160.html,"113.33457006502188,23.162617132464693"
广州汇电云联互联网科技有限公司,广州天河区珠江新城马场路16号富力盈盛广场B座,https://www.lagou.com/jobs/4694515.html,"113.35048079202288,23.123848177245467"
北京开科唯识技术有限公司,广州荔湾区岭南广州佛山市南海区灯湖东路6号,https://www.lagou.com/jobs/3888606.html,"113.15645614430905,23.065536791307306"
广州市高奈特网络科技有限公司,广州荔湾区广州市荔湾区浣花路109号东鹏德宝商务中心10层,https://www.lagou.com/jobs/3293786.html,"113.23740526188944,23.08839547031864"
广州石竹计算机软件有限公司,广州天河区龙口龙口东路342360号天诚广场三楼303、304,https://www.lagou.com/jobs/2926501.html,"113.34752662182883,23.1484908685455"
铂涛信息技术（广州）有限公司,广州海珠区瑞宝新滘西路300号铂涛大厦,https://www.lagou.com/jobs/4765968.html,"113.29310608289924,23.080328715433502"
武汉佰钧成技术有限责任公司,广州天河区天河软件园建中路60号科迅大厦首层,https://www.lagou.com/jobs/3287419.html,"113.37689148604164,23.12932223793473"
广州汇电云联互联网科技有限公司,广州天河区珠江新城马场路16号富力盈盛广场B座,https://www.lagou.com/jobs/3423608.html,"113.35048079202288,23.123848177245467"
武汉然诺管理咨询有限公司,广州天河区科韵路软件园,https://www.lagou.com/jobs/4895861.html,"113.37996933853151,23.104212228430967"
广州博鳌纵横网络科技有限公司,广州萝岗区经济开发区科学大道231233号A9A10栋14楼,https://www.lagou.com/jobs/3911243.html,"113.42236948704614,23.17259957011846"
广东亿迅科技有限公司,广州越秀区广州大道中599号泰兴商业大厦10楼,https://www.lagou.com/jobs/4164839.html,"113.32083039691227,23.142968059982035"
航天精一（广东）信息科技有限公司,广州天河区员村科韵路建工路9号502518,https://www.lagou.com/jobs/3741181.html,"113.3789090002672,23.12933701106305"
信必优(深圳)信息技术有限公司,广州天河区体育中心太古汇,https://www.lagou.com/jobs/4637348.html,"113.33912451887123,23.14007345064082"
广州惠侨计算机科技有限公司,广州市越秀区沙河富力东山新天地10楼,https://www.lagou.com/jobs/3676204.html,"113.32106218488632,23.132816560920993"
广州市高奈特网络科技有限公司,广州荔湾区广州市荔湾区浣花路109号东鹏德宝商务中心10层,https://www.lagou.com/jobs/3448567.html,"113.23740526188944,23.08839547031864"
广州创想世界网络科技有限公司,广州番禺区大石保利大都汇A3栋,https://www.lagou.com/jobs/4576580.html,"113.34135164550102,23.001696178926228"
广州珺达科技有限公司,广州天河区东圃祥圃街11祥圃商业大厦1楼113115,https://www.lagou.com/jobs/4913769.html,"113.38945675534147,23.137940369016583"
广东链动网络科技有限公司,广州海珠区广州国际采购中心东翼718,https://www.lagou.com/jobs/4311608.html,"113.37836349077187,23.105314085946546"
益邦控股集团有限公司,广州白云区黄石机场路1962号国际单位F栋310312室,https://www.lagou.com/jobs/3796096.html,"113.27090286414195,23.212163683000508"
广东健客医药有限公司,广州萝岗区萝岗区科学大道中99号科汇金谷S栋四街4号一楼前台大厅,https://www.lagou.com/jobs/4122207.html,"113.44182679067397,23.17311652254065"
武汉佰钧成技术有限责任公司,广州越秀区东风东东宝大厦,https://www.lagou.com/jobs/4788471.html,"113.31793323138926,23.137846292935574"
铂涛信息技术（广州）有限公司,广州海珠区广州市海珠区新滘西路300号铂涛大厦六楼,https://www.lagou.com/jobs/4216628.html,"113.29310608289924,23.080328715433502"
广东天泽阳光康众医疗投资管理有限公司,广州海珠区琶洲琶洲大道东1号保利国际广场南塔508,https://www.lagou.com/jobs/2600760.html,"113.37823214413346,23.108244702616513"
广州市两棵树网络科技有限公司,广州天河区员村广州市天河区黄埔大道中309号，羊城创意园305栋,https://www.lagou.com/jobs/4505888.html,"113.38902592622242,23.12551489262371"
广州云徙科技有限公司,广州黄埔区鱼珠大沙地西鱼珠智谷创业园A102栋（锦田花园旁）地铁鱼珠站C出口,https://www.lagou.com/jobs/4744273.html,"113.4359453087223,23.104386768549677"
白云电气集团有限公司,广州白云区太和北太路1633号白云电气科技大厦,https://www.lagou.com/jobs/4117530.html,"113.3419322302333,23.304452832654093"
深圳前海大数金融服务有限公司,广州天河区珠江新城珠江新城花城大道20号广州远洋大厦,https://www.lagou.com/jobs/4566962.html,"113.3245464379752,23.12475981662409"
上海华钦信息科技股份有限公司,广州天河区冼村富力盈凯大厦,https://www.lagou.com/jobs/4854497.html,"113.32854452540883,23.124556570835523"
广州机智云物联网科技有限公司,广州天河区兴华天平架陶庄路5号众创空间8楼,https://www.lagou.com/jobs/4648948.html,"113.3273601068994,23.168568125033335"
广州探迹科技有限公司,广州番禺区大学城数字家庭研发中心一期研发大厦,https://www.lagou.com/jobs/3606318.html,"113.40085066839228,23.064408982302982"
广州李子网络科技有限公司,广州天河区沙河珠江新城花城大道68号4706,https://www.lagou.com/jobs/2200950.html,"113.33404893014824,23.12416688896421"
广州微乾软件信息科技有限公司,广州越秀区岭南珠江新城临江大道保利中心,https://www.lagou.com/jobs/4912652.html,"113.33349096564702,23.125725693998607"
广东以大供应链管理有限公司,广州天河区元岗元岗路310号智汇parkB栋,https://www.lagou.com/jobs/4779907.html,"113.34801799763753,23.180424741621675"
广州市玄武无线科技股份有限公司,广州天河区天河城体育西路103号维多利广场B塔19、32、33层,https://www.lagou.com/jobs/4296684.html,"113.32725007255921,23.14083300479381"
益邦控股集团有限公司,广州白云区黄石机场路1962号国际单位F栋310312室,https://www.lagou.com/jobs/4517482.html,"113.27090286414195,23.212163683000508"
武汉佰钧成技术有限责任公司,广州天河区科韵路园区建中路60号科迅大厦,https://www.lagou.com/jobs/4746110.html,"113.37689148604164,23.12932223793473"
上海华钦信息科技股份有限公司,广州越秀区东风东东宝大厦,https://www.lagou.com/jobs/4781410.html,"113.31793323138926,23.137846292935574"
广州玖维信息科技有限公司,广州天河区天河城天河路,https://www.lagou.com/jobs/4182042.html,"113.32917331860459,23.13875698808512"
广州中大凯旋电子科技有限公司,广州番禺区大学城小谷围街青蓝街26号研发楼2楼（地铁4号线C出口，招商证券楼上）,https://www.lagou.com/jobs/3113954.html,"113.39290991717834,23.062834339484247"
广州维胜信息技术有限公司,广州天河区元岗路智汇Park创意园B座505506,https://www.lagou.com/jobs/4155686.html,"113.38341586997541,23.142236491023628"
广州汇电云联互联网科技有限公司,广州天河区珠江新城马场路16号富力盈盛广场B座,https://www.lagou.com/jobs/4783033.html,"113.35048079202288,23.123848177245467"
广东俊特团贷网络信息服务股份有限公司,广州天河区冼村珠江新城花城大道68号环球都会广场63楼03,https://www.lagou.com/jobs/4811826.html,"113.3336726407499,23.124064864415796"
广州好易电子联行服务有限公司,广州番禺区大学城小谷围街道青蓝街26号研发楼6楼地铁4号线大学城北站地铁口,https://www.lagou.com/jobs/2241746.html,"113.39290991717834,23.062834339484247"
广州市昊链信息科技股份有限公司,广州天河区元岗南路天汇创意园区D栋2楼,https://www.lagou.com/jobs/4848413.html,"113.34872002339335,23.178283631651958"
佛山市宝诗龙精密五金有限公司,广州天河区天河北体育西路189号城建大厦,https://www.lagou.com/jobs/4816720.html,"113.32742016041935,23.145062808731684"
信必优(深圳)信息技术有限公司,广州天河区天河城太古汇,https://www.lagou.com/jobs/4620362.html,"113.33912451887123,23.14007345064082"
广州至真信息科技有限公司,广州天河区中山大道建工路4号佳都大厦,https://www.lagou.com/jobs/4862969.html,"113.37884264423582,23.130468280587273"
广州天源迪科信息技术有限公司,广州天河区珠江新城花城大道18号建滔广场22楼01单元,https://www.lagou.com/jobs/4912189.html,"113.32378564597124,23.12484028296588"
广州米美科技有限公司,广州天河区金穗路8号星汇国际大厦1202室,https://www.lagou.com/jobs/4722128.html,"113.32294544465854,23.1294947470593"
广东原动力信息科技有限责任公司,广州天河区珠江新城珠江新城临江大道57号中和广场21楼21B单元,https://www.lagou.com/jobs/4134891.html,"113.335413728404,23.119783465694013"
武汉佰钧成技术有限责任公司,广州天河区建中路天河软件园,https://www.lagou.com/jobs/4613031.html,"113.37833949164187,23.130139320112114"
上海华钦信息科技股份有限公司,广州越秀区东风东越秀区东风东路767号东宝大厦,https://www.lagou.com/jobs/4581156.html,"113.31793323138926,23.137846292935574"
信必优(深圳)信息技术有限公司,广州天河区天河城太古汇,https://www.lagou.com/jobs/4877191.html,"113.33912451887123,23.14007345064082"
美的集团股份有限公司,广州番禺区广州南站美的总部大楼,https://www.lagou.com/jobs/4734363.html,"113.3039306005112,23.050723696301475"
航天精一（广东）信息科技有限公司,广州天河区员村科韵路建工路9号502518,https://www.lagou.com/jobs/3759540.html,"113.3789090002672,23.12933701106305"
氪金信息科技（天津）有限公司,广州天河区车陂中山大道中379号联合社区东区6栋楼5层65176518室,https://www.lagou.com/jobs/4768411.html,"113.40949136219155,23.131251201075678"
广州和本健康食品科技股份有限公司,广州天河区光谱西路69号TCL文化产业园一期一楼100,https://www.lagou.com/jobs/4491923.html,"113.44278114415931,23.16586140403864"
广东壹健康科技有限公司,广州天河区中山大道中1101号绿瘦运营中心B栋2楼,https://www.lagou.com/jobs/4312511.html,"113.43076099179532,23.12161823767066"
深圳无界互联科技有限公司,广州番禺区市桥番禺大道天安科技发展大厦714,https://www.lagou.com/jobs/4780111.html,"113.37440087113467,22.984716717987798"
深圳超桌网络科技有限公司,广州天河区林和中信广场资讯商务中心(中天购物城)5楼B19,https://www.lagou.com/jobs/4883592.html,"113.33131690282197,23.14795797510584"
链行天下（广州）区块链研究有限公司,广州越秀区广卫珠江国际大厦17层,https://www.lagou.com/jobs/4858312.html,"113.27407463267625,23.135934180802046"
广州富力地产股份有限公司,广州天河区华夏路10号,https://www.lagou.com/jobs/3116450.html,"113.32829065978028,23.123088424840574"
北京友友天宇系统技术有限公司,广州越秀区岭南文明路49号警察协会9层,https://www.lagou.com/jobs/4836581.html,"113.27696514894187,23.128217553648273"
蓝盾信息安全技术股份有限公司,广州天河区棠下黄埔大道336号御发商务大厦,https://www.lagou.com/jobs/1023751.html,"113.38039436549526,23.125454288678625"
佛山市宝诗龙精密五金有限公司,广州天河区沙河珠江新城冼村路11号保利威座北塔2902,https://www.lagou.com/jobs/4720485.html,"113.33373451244019,23.12759195120082"
武汉佰钧成技术有限责任公司,广州天河区科韵路园区建中路60号科迅大厦,https://www.lagou.com/jobs/4090102.html,"113.37689148604164,23.12932223793473"
上海华钦信息科技股份有限公司,广州天河区天河城太古汇,https://www.lagou.com/jobs/3610275.html,"113.33912451887123,23.14007345064082"
广州智悦网络科技有限公司,广州天河区棠下中山大道建中路59号柏朗奴大厦3楼,https://www.lagou.com/jobs/4523772.html,"113.37797940138678,23.129376081889607"
浙江星飞信息技术有限公司,广州天河区棠下棠下二社新围中心路26号锦达信商务大厦A座305,https://www.lagou.com/jobs/3440940.html,"113.38321875030589,23.129452761110688"
广州市汇聚支付电子科技有限公司,广州天河区体育中心天河路228号广晟大厦11011104室,https://www.lagou.com/jobs/4234281.html,"113.33426615389506,23.138373850068106"
广东开太平信息科技有限责任公司,广州海珠区新滘中路唯品同创汇艾特利微大街2号,https://www.lagou.com/jobs/4879215.html,"113.33889140769317,23.083671452619317"
广州一智通供应链管理有限公司,广州天河区兴华天平架5号空间创意园7楼,https://www.lagou.com/jobs/4399388.html,"113.32583083968449,23.168205427349385"
广东优计划科技有限公司,广州天河区龙口西路1号保利中辰广场A座15楼,https://www.lagou.com/jobs/3803665.html,"113.34350938701326,23.139800392325988"
广州闻乐教育科技有限公司,广州天河区棠下科韵路天河软件园建工路13号703室,https://www.lagou.com/jobs/4913066.html,"113.37875351436315,23.12884680105434"
氪金信息科技（天津）有限公司,广州天河区车陂广州市天河区中山大道中379号联合社区东区6栋楼5层65176518室,https://www.lagou.com/jobs/4643630.html,"113.40949136219155,23.131251201075678"
广东道一信息技术股份有限公司,广州天河区天河公园员村一横路3号华颖轩2楼,https://www.lagou.com/jobs/3405970.html,"113.35927726906533,23.12856816178862"
广州德惟科技有限公司,广州天河区平云路163号平云广场A塔,https://www.lagou.com/jobs/4631385.html,"113.35713325815281,23.12473007948776"
广州华多网络科技有限公司,广州番禺区广州市番禺区南村镇万博商务区万达商业广场北区B1栋,https://www.lagou.com/jobs/4682857.html,"113.38385206557157,23.009998610192387"
北京网尚数字电影院线有限公司,广州海珠区琶洲琶洲大道东28号广州国际采购中心1104,https://www.lagou.com/jobs/4212046.html,"113.37836349077187,23.105314085946546"
广州龙腾出行网络科技股份有限公司,广州越秀区粤能大厦10楼,https://www.lagou.com/jobs/4482469.html,"113.31980292315507,23.14047750216012"
广东道一信息技术股份有限公司,广州天河区天河公园员村一横路3号华颖轩2楼,https://www.lagou.com/jobs/4804415.html,"113.35927726906533,23.12856816178862"
广州市汇聚支付电子科技有限公司,广州天河区体育中心天河路228号广晟大厦11011104室,https://www.lagou.com/jobs/4835572.html,"113.33426615389506,23.138373850068106"
广州市金惟安生物科技有限公司,广州海珠区琶洲新港东路2429号海珠科技大楼6618,https://www.lagou.com/jobs/4914299.html,"113.40614678842299,23.100606646055674"
爱多特（广东）网络技术有限公司,广州越秀区广州大道富力新天地中心45F,https://www.lagou.com/jobs/4867166.html,"113.32103170088887,23.132817365173523"
TCL集团财务有限公司,广州海珠区沙河珠江新城,https://www.lagou.com/jobs/1566989.html,"113.33349096564702,23.125725693998607"
广东原动力信息科技有限责任公司,广州天河区珠江新城珠江新城临江大道57号中和广场21楼21B单元,https://www.lagou.com/jobs/4733776.html,"113.335413728404,23.119783465694013"
武汉佰钧成技术有限责任公司,广州天河区员村天河区,https://www.lagou.com/jobs/4857100.html,"113.36440740020396,23.120595600030125"
白云电气集团有限公司,广州白云区太和北太路1633号白云电气科技大厦,https://www.lagou.com/jobs/4767911.html,"113.3419322302333,23.304452832654093"
广东芯智慧科技有限公司,广州海珠区保利国际广场南塔楼19楼,https://www.lagou.com/jobs/3544842.html,"113.3782447204106,23.108254674535555"
广州竹新软件科技有限公司,广州越秀区豪贤商务大楼,https://www.lagou.com/jobs/4330492.html,"113.27874434541063,23.136354568171342"
广州市悄悄科技有限公司,广州天河区珠江新城,https://www.lagou.com/jobs/3174989.html,"113.33349096564702,23.125725693998607"
讯汇科技（广州）有限公司,广州天河区高德置地广场·冬商场东门,https://www.lagou.com/jobs/4699552.html,"113.33314610077201,23.130808323812246"
深圳美云智数科技有限公司,广州番禺区广州南站附近,https://www.lagou.com/jobs/4680576.html,"113.27501202974678,22.994497357745608"
广州合利宝支付科技有限公司,广州天河区珠江新城珠江东路28号越秀金融大厦40楼,https://www.lagou.com/jobs/4439322.html,"113.33284883081784,23.129745738723223"
上海华钦信息科技股份有限公司,广州天河区石牌太古汇,https://www.lagou.com/jobs/4670510.html,"113.33912451887123,23.14007345064082"
广州深海软件股份有限公司,广州天河区黄埔大道中309号羊城创意产业园308栋,https://www.lagou.com/jobs/4585808.html,"113.39103275061241,23.125228348611834"
广州市骑鹅游信息技术咨询服务有限公司,广州海珠区琶洲保利世界贸易中心E座,https://www.lagou.com/jobs/1932127.html,"113.37414996093123,23.101623936509583"
北京路客互联网科技有限公司,广州海珠区新港UP智谷A3栋,https://www.lagou.com/jobs/3656562.html,"113.33574296725467,23.09293999902387"
广州玖维信息科技有限公司,广州天河区五山五山路,https://www.lagou.com/jobs/4520446.html,"113.3595766742917,23.157838126075717"
浙江星飞信息技术有限公司,广州天河区棠下棠下二社新围中心路26号锦达信商务大厦A座305,https://www.lagou.com/jobs/3401230.html,"113.38321875030589,23.129452761110688"
广州建软科技股份有限公司,广州黄埔区广东软件园,https://www.lagou.com/jobs/1561880.html,"113.4432781873775,23.16855634657683"
武汉佰钧成技术有限责任公司,广州天河区冼村珠江新城,https://www.lagou.com/jobs/4724988.html,"113.33349096564702,23.125725693998607"
厦门市巨龙信息科技有限公司,广州越秀区建设广州市黄华路87号,https://www.lagou.com/jobs/4519899.html,"113.28386932566546,23.14150097902637"
广州合富信息科技有限公司,广州天河区珠江新城珠江新城华成路2号名悦大厦,https://www.lagou.com/jobs/4469304.html,"113.32319116894426,23.126611707157743"
广东省电信规划设计院有限公司,广州天河区华景新城中山大道华景路1号南方通信大厦,https://www.lagou.com/jobs/4504291.html,"113.36393627309974,23.14086420050755"
铂涛信息技术（广州）有限公司,广州海珠区广州市海珠区新滘西路300号铂涛大厦六楼,https://www.lagou.com/jobs/4061289.html,"113.29310608289924,23.080328715433502"
广州业速教育科技有限公司,广州天河区林河中路150160号天誉花园一期6楼,https://www.lagou.com/jobs/3924934.html,"113.33255856944324,23.151784448681113"
广东芯智慧科技有限公司,广州海珠区保利国际广场南塔楼19楼,https://www.lagou.com/jobs/3443390.html,"113.3782447204106,23.108254674535555"
广州市新文溯科技有限公司,广州市市市番禺区大学城州大学城国家数字家庭产业基地A区,https://www.lagou.com/jobs/3479613.html,"113.39221247278063,23.06043952962713"
广州明动软件股份有限公司,广州天河区元岗长湴白沙水路89号长湴创意园A栋,https://www.lagou.com/jobs/3859972.html,"113.35716616128703,23.183434753327887"
武汉佰钧成技术有限责任公司,广州天河区天河软件园建中路60号科迅大厦首层,https://www.lagou.com/jobs/3287389.html,"113.37689148604164,23.12932223793473"
神州数码信息服务股份有限公司,广州天河区琶洲科韵路,https://www.lagou.com/jobs/1645341.html,"113.38637366662881,23.1051234135987"
网易（杭州）有限公司,广州天河区软件园科韵路园区建中路59号东座雅爵商务大厦7楼,https://www.lagou.com/jobs/4731610.html,"113.37807570243234,23.129584699195256"
广州海货电子商务有限公司,广州天河区黄村奥林匹克中心10区309,https://www.lagou.com/jobs/3316604.html,"113.42268596636534,23.129220622646258"
TCL集团财务有限公司,广州越秀区岭南广州市越秀区长堤大马路252256号首层后座,https://www.lagou.com/jobs/4229255.html,"113.26986344202315,23.118487961571017"
广州优投互联网金融信息服务有限公司,广州天河区珠江新城广州市天河区珠江新城华夏路30号富力盈通大厦20092012室,https://www.lagou.com/jobs/4886713.html,"113.32880778012658,23.13170631971388"
广州宸瑞软件科技有限公司,广州海珠区江南大道江南大道中180号1301.1314室,https://www.lagou.com/jobs/3190914.html,"113.28036194031141,23.101910442152622"
广州海汇铭康信息技术有限公司,广州天河区五山五山路金慧街88号11栋102单元,https://www.lagou.com/jobs/3147568.html,"113.36341860748198,23.166742563402014"
佳都新太科技股份有限公司,广州番禺区大学城青蓝街22号A区8楼（地铁大学城北C出口）,https://www.lagou.com/jobs/4219752.html,"113.39225879839577,23.06245332781981"
广州合富信息科技有限公司,广州天河区珠江新城珠江新城华成路2号名悦大厦,https://www.lagou.com/jobs/4141705.html,"113.32319116894426,23.126611707157743"
论客科技（广州）有限公司,广州番禺区大学城大学城明志街1号信息枢纽楼5楼,https://www.lagou.com/jobs/4683376.html,"113.40330654582519,23.051434999966542"
大鱼快乐有限公司,广州天河区金发科技创新社区,https://www.lagou.com/jobs/4816865.html,"113.41815337996701,23.19179967144332"
佛山市宝诗龙精密五金有限公司,广州天河区沙河珠江新城冼村路11号保利威座北塔2902,https://www.lagou.com/jobs/4226646.html,"113.33373451244019,23.12759195120082"
广州大白互联网科技有限公司,广州天河区天河城石牌桥地铁站,https://www.lagou.com/jobs/4772300.html,"113.32917331860459,23.13875698808512"
北京智蓝云信科技有限公司,广州天河区五山科韵路天河软件园,https://www.lagou.com/jobs/4807398.html,"113.37833949164187,23.130139320112114"
武汉佰钧成技术有限责任公司,广州天河区科韵路园区建中路60号科迅大厦,https://www.lagou.com/jobs/3490443.html,"113.37689148604164,23.12932223793473"
北京公瑾科技有限公司广州分公司,广州天河区车陂路113号东宏国际广场9楼全层,https://www.lagou.com/jobs/3356513.html,"113.39707842484515,23.12645230265054"
广州微妆生物科技有限公司,广州番禺区广州市番禺区石北工业路684号巨大创意产业园11栋二层,https://www.lagou.com/jobs/3850830.html,"113.29395235765548,23.019764006901603"
广州合富信息科技有限公司,广州天河区珠江新城珠江新城华成路2号名悦大厦,https://www.lagou.com/jobs/4576760.html,"113.32319116894426,23.126611707157743"
广州城市信息研究所有限公司,广州天河区棠下软件园建中路66号佳都商务大厦东座3楼,https://www.lagou.com/jobs/3630371.html,"113.37724967548228,23.128737092361735"
广州明动软件股份有限公司,广州天河区元岗长湴白沙水路89号长湴创意园A栋,https://www.lagou.com/jobs/3832055.html,"113.35716616128703,23.183434753327887"
广东灵机文化传播有限公司,广州天河区东圃广州市天河区黄埔大道中309号羊城创意园308栋三楼A区,https://www.lagou.com/jobs/1487836.html,"113.38970937502029,23.124835482419403"
广州凯晟信息科技有限公司,广州天河区中成路300号中人集团会议中心,https://www.lagou.com/jobs/3841790.html,"113.3496021809632,23.191689931182566"
广州市汇聚支付电子科技有限公司,广州天河区体育中心天河路228号广晟大厦11011104室,https://www.lagou.com/jobs/4597784.html,"113.33426615389506,23.138373850068106"
广州云软数据科技有限公司,广州荔湾区1850创意园,https://www.lagou.com/jobs/4507709.html,"113.24951397999024,23.102214948557265"
深圳美云智数科技有限公司,广州番禺区广州南站附近,https://www.lagou.com/jobs/4664964.html,"113.27501202974678,22.994497357745608"
广东易教优培教育科技有限公司,广州越秀区登峰广州市麓景西路41号广州广播电视大学1号楼18楼,https://www.lagou.com/jobs/4830006.html,"113.2827173153239,23.151750711289846"
广州维胜信息技术有限公司,广州天河区元岗路智汇Park创意园B座505506,https://www.lagou.com/jobs/4010547.html,"113.38341586997541,23.142236491023628"
广州市迈尔汛科技有限公司,广州萝岗区科学城彩频路9号广东软件园B1101C,https://www.lagou.com/jobs/3639489.html,"113.4432781873775,23.16855634657683"
广东曼拓信息科技有限公司,广州天河区五山五山路科华街251号乐天创意园A16001,https://www.lagou.com/jobs/3420454.html,"113.36823651906613,23.15243455058801"
武汉佰钧成技术有限责任公司,广州天河区科韵路园区建中路60号科迅大厦,https://www.lagou.com/jobs/4809758.html,"113.37689148604164,23.12932223793473"
广东灵机文化传播有限公司,广州天河区东圃广州市天河区黄埔大道中309号羊城创意园308栋三楼A区,https://www.lagou.com/jobs/1969309.html,"113.38970937502029,23.124835482419403"
恒腾网络集团有限公司,广州天河区珠江新城黄埔大道西78号恒大中心15楼,https://www.lagou.com/jobs/3290397.html,"113.33391801110325,23.1322236556541"
天涯社区网络科技股份有限公司,广州海珠区新港西路135号中山大学国家大学科技园b座,https://www.lagou.com/jobs/4853831.html,"113.29739170714684,23.099389446506525"
广州聚好玩信息科技有限公司,广州天河区棠下建中路66号佳都商务大厦东塔201,https://www.lagou.com/jobs/4880397.html,"113.37710592054987,23.128612247531937"
信必优(深圳)信息技术有限公司,广州天河区体育中心太古汇,https://www.lagou.com/jobs/4874913.html,"113.33912451887123,23.14007345064082"
广州合利宝支付科技有限公司,广州市天河区沙河珠江东路28号越秀4006金融大厦40层4001,https://www.lagou.com/jobs/1191187.html,"113.3325649869378,23.12998419917455"
广州华多网络科技有限公司,广州番禺区广州市番禺区南村镇万博商务区万达商业广场北区B1栋,https://www.lagou.com/jobs/4743716.html,"113.38385206557157,23.009998610192387"
广州栗梦网络科技有限公司,广州天河区东圃天润大厦506,https://www.lagou.com/jobs/4557928.html,"113.37951214055252,23.126803457189236"
广州合摩计算机科技有限公司,广州天河区建中路59号柏朗奴大厦8楼,https://www.lagou.com/jobs/4027451.html,"113.37797940138678,23.129376081889607"
广东原动力信息科技有限责任公司,广州天河区珠江新城陶育路82号暨南商务中心4楼,https://www.lagou.com/jobs/4018238.html,"113.35142254677345,23.135386462925"
广州光汇软件科技有限公司,广州海珠区广州大道南1601至1603号69号楼之2中地大厦,https://www.lagou.com/jobs/4736602.html,"113.32102526542819,23.080054722886743"
上海华钦信息科技股份有限公司,广州天河区天河路383号太古汇,https://www.lagou.com/jobs/4608759.html,"113.33912451887123,23.14007345064082"
广东省电信规划设计院有限公司,广州天河区五山华景路1号南方通信大厦2302室,https://www.lagou.com/jobs/4778933.html,"113.36393627309974,23.14086420050755"
广州健新科技股份有限公司,广州天河区科韵路20号12楼,https://www.lagou.com/jobs/4216213.html,"113.38034765360877,23.13008473285054"
武汉佰钧成技术有限责任公司,广州越秀区东风东路天联大厦,https://www.lagou.com/jobs/4616081.html,"113.32188973266763,23.135491341280094"
广东灵机文化传播有限公司,广州天河区东圃广州市天河区黄埔大道中309号羊城创意园308栋三楼A区,https://www.lagou.com/jobs/352952.html,"113.38970937502029,23.124835482419403"
信必优(深圳)信息技术有限公司,广州天河区天河城天河区,https://www.lagou.com/jobs/4804687.html,"113.32917331860459,23.13875698808512"
TCL集团财务有限公司,广州越秀区岭南广州市越秀区长堤大马路252256号首层后座,https://www.lagou.com/jobs/4229281.html,"113.26986344202315,23.118487961571017"
广州千翼信息技术有限公司,广州萝岗区广东软件园,https://www.lagou.com/jobs/3300105.html,"113.4432781873775,23.16855634657683"
深圳市周转花科技有限公司,广州白云区现象广场,https://www.lagou.com/jobs/4728346.html,"113.33130628641301,23.29451408301385"
北京睿帆科技有限公司,广州天河区员村新岑四路2号佳都智慧大厦,https://www.lagou.com/jobs/4699087.html,"113.36440740020396,23.120595600030125"
广东程丰智运科技有限公司,广州白云区增槎路江南商务酒店院内北大楼8楼805,https://www.lagou.com/jobs/4800671.html,"113.23268460085976,23.176390876119374"
广州铠源信息科技有限公司,广州天河区林和西路9号耀中广场B座3609,https://www.lagou.com/jobs/3441442.html,"113.33020019498865,23.148563788158977"
广州酷旅旅行社有限公司,广州天河区科韵路20号软银数码港大厦701室,https://www.lagou.com/jobs/4522760.html,"113.38028066067876,23.13018061224485"
广州富力地产股份有限公司,广州天河区珠江新城珠江新城华夏路10号富力中心35楼,https://www.lagou.com/jobs/2601509.html,"113.3283178443016,23.123282238767167"
广州思迈特软件有限公司,广州天河区高普路136号华天时代大厦三楼305,https://www.lagou.com/jobs/4161472.html,"113.41709250451602,23.178531232013576"
广州卓勤信息技术有限公司,广州白云区江高广花三路336号,https://www.lagou.com/jobs/4795486.html,"113.33130628641301,23.29451408301385"
泛华保险服务销售集团有限公司,广州天河区珠江西路15号珠江城大厦27层,https://www.lagou.com/jobs/3956477.html,"113.32945038566785,23.13002433380578"
氪金信息科技（天津）有限公司,广州天河区车陂中山大道中379号联合社区东区6栋楼5层65176518室,https://www.lagou.com/jobs/4764387.html,"113.40949136219155,23.131251201075678"
广州乐芃信息科技有限公司,广州天河区石牌五山路248号金山大厦,https://www.lagou.com/jobs/4879421.html,"113.35295654177027,23.149685098258946"
大海国际电子商务（广州）有限公司,广州越秀区水荫水荫路119号星光映景1805室,https://www.lagou.com/jobs/4792422.html,"113.31796345757306,23.148991862247673"
广东省电信规划设计院有限公司,广州天河区五山华景路1号南方通信大厦2302室,https://www.lagou.com/jobs/4779149.html,"113.36393627309974,23.14086420050755"
广州欧科信息技术股份有限公司,广州萝岗区广州市高新技术产业开发区科学城科学大道162号创意大厦B2第14层,https://www.lagou.com/jobs/4308973.html,"113.45710968746272,23.16963499572441"
广州市恒生国际旅行社有限公司,广州海珠区南石头南边路38号1918智能网联产业园内,https://www.lagou.com/jobs/3350623.html,"113.27064411656515,23.082886903998702"
北京瑞友科技股份有限公司,广州天河区天河公园信息港,https://www.lagou.com/jobs/4663964.html,"113.38023730126842,23.131722820238313"
广东数鼎科技有限公司,广州天河区珠江新城珠江新城华夏路26号雅居乐中心1104,https://www.lagou.com/jobs/4310369.html,"113.32841063117601,23.130137431492948"
广州棒谷科技股份有限公司,广州白云区白云大道景泰街机场东门路01号豪泉大厦2楼大厅,https://www.lagou.com/jobs/3470433.html,"113.27812019286114,23.181526400065703"
广州数夫软件科技有限公司,广州天河区棠下科韵路12号之一方圆E时光西座29楼,https://www.lagou.com/jobs/3488128.html,"113.37858509106314,23.132456654183198"
广东亿迅科技有限公司,广州天河区天河区龙怡路117号银汇大厦27楼（华师地铁E出口）,https://www.lagou.com/jobs/4190678.html,"113.35140144378042,23.149666194248542"
恒腾网络集团有限公司,广州天河区珠江新城黄埔大道西78号恒大中心15楼,https://www.lagou.com/jobs/2728503.html,"113.33391801110325,23.1322236556541"
氪金信息科技（天津）有限公司,广州天河区东圃广州市天河区中山大道中379号联合社区东区6栋楼5层65176518室,https://www.lagou.com/jobs/4760857.html,"113.40949136219155,23.131251201075678"
广州指趣科技有限公司,广州天河区东圃东圃大马路8号时代TIT广场B座B701b1,https://www.lagou.com/jobs/4808723.html,"113.4071083768609,23.12701045924783"
广州卓牛信息科技有限公司,广州天河区华强路9号保利克洛维中盈大厦280607单元,https://www.lagou.com/jobs/4297605.html,"113.32622896868635,23.13187097923412"
广州致链科技有限公司,广州海珠区客村广州大道南448号,https://www.lagou.com/jobs/4826062.html,"113.3214210022425,23.10256444401184"
广州讯一佳信息科技有限公司,广州花都区新白云机场南方航空公司总部,https://www.lagou.com/jobs/4868144.html,"113.30888933675519,23.392012168339125"
广州真知码信息科技有限公司,广州天河区珠江新城利通广场,https://www.lagou.com/jobs/4698493.html,"113.33244361328717,23.131538129552432"
广东省出版集团数字出版有限公司,广州越秀区东都大世界州市环市东路472号粤海大厦10楼,https://www.lagou.com/jobs/4885927.html,"113.31071937012935,23.140291846491802"
广州中大凯旋电子科技有限公司,广州番禺区大学城小谷围街青蓝街26号研发楼2楼（地铁4号线C出口，招商证券楼上）,https://www.lagou.com/jobs/4420057.html,"113.39290991717834,23.062834339484247"
广州纳财电子商务有限公司,广州天河区珠江新城珠江新城高德置地夏广场D10和12,https://www.lagou.com/jobs/4229308.html,"113.32976847205562,23.126201501921834"
上海安硕信息技术股份有限公司,广州天河区0,https://www.lagou.com/jobs/4491820.html,"113.3856428913265,23.166129265424512"
广州空白间网络信息有限公司,广州天河区马场路,https://www.lagou.com/jobs/4871663.html,"113.35005210176925,23.124062392090018"
广东元朔电子科技有限公司,广州萝岗区广州科学城TCL文化产业园二期B112115,https://www.lagou.com/jobs/4368005.html,"113.44278114415931,23.16586140403864"
广州市奥威亚电子科技有限公司,广州天河区员村科学大道中绿地中央广场A1栋13楼,https://www.lagou.com/jobs/3750009.html,"113.43868199645755,23.169384525156115"
广东灵机文化传播有限公司,广州天河区东圃广州市天河区黄埔大道中309号羊城创意园308栋三楼A区,https://www.lagou.com/jobs/1488086.html,"113.38970937502029,23.124835482419403"
广州谦腾信息科技有限公司,广州海珠区琶洲广州市海珠区琶洲大道宝地广场V15,https://www.lagou.com/jobs/4615558.html,"113.34959054341532,23.108297612197678"
广州搜床网络科技有限公司,广州荔湾区七喜创意创业园33栋Xbed中心,https://www.lagou.com/jobs/4349971.html,"113.25126168815595,23.10000704132628"
广州瑞云网络科技有限公司,广州天河区石牌天河东路67号A幢13层1302单元,https://www.lagou.com/jobs/4119900.html,"113.34035634994545,23.138113720914397"
广州市宏朗商品信息咨询有限公司,广州番禺区市桥市桥大北路99号,https://www.lagou.com/jobs/4248297.html,"113.37256122928517,22.946328756581416"
广东亿迅科技有限公司,广州天河区海珠区阅江西路218、220号广州国际媒体港写字楼（广州塔旁）,https://www.lagou.com/jobs/4905706.html,"113.32798880936629,23.111646607005195"
广州艾得仕网络科技有限公司,广州天河区沙河珠江新城华夏路28号富力盈信大厦,https://www.lagou.com/jobs/4911113.html,"113.32845394926429,23.131014216997972"
广州市巴图鲁信息科技有限公司,广州海珠区南洲沥滘路368号广州之窗商务港17层（三号线沥滘地铁站，F出口）,https://www.lagou.com/jobs/2520025.html,"113.31951162603421,23.060067923853463"
广州棒谷科技股份有限公司,广州白云区白云大道景泰街机场东门路01号豪泉大厦2楼大厅,https://www.lagou.com/jobs/4893047.html,"113.27812019286114,23.181526400065703"
广州美亚尚途国际旅行社有限公司,广州天河区珠江新城花城大道建滔广场9楼902,https://www.lagou.com/jobs/4071123.html,"113.32378564597124,23.12484028296588"
广东劲天科技有限公司,广州海珠区广州市海珠区琶洲大道东8号广州国际采购中心东塔615,https://www.lagou.com/jobs/4872978.html,"113.37836349077187,23.105314085946546"
中邮消费金融有限公司,广州天河区林和林和东路281号天伦控股大厦,https://www.lagou.com/jobs/4851816.html,"113.33457120227665,23.15440141677471"
广州海汇铭康信息技术有限公司,广州天河区五山五山路金慧街88号11栋102单元,https://www.lagou.com/jobs/4803194.html,"113.36341860748198,23.166742563402014"
广州中大凯旋电子科技有限公司,广州番禺区大学城小谷围街青蓝街26号研发楼2楼（地铁4号线C出口，招商证券楼上）,https://www.lagou.com/jobs/4266307.html,"113.39290991717834,23.062834339484247"
广州思迈特软件有限公司,广州天河区广州市天河区高普路华天时代大厦305室,https://www.lagou.com/jobs/3702672.html,"113.41709250451602,23.178531232013576"
广州聚好玩信息科技有限公司,广州天河区棠下建中路66号佳都商务大厦东塔201,https://www.lagou.com/jobs/4799298.html,"113.37710592054987,23.128612247531937"
广东省南方文化产权交易所股份有限公司,广州越秀区五羊新城广州大道中289号南方报业传媒集团综合楼3楼,https://www.lagou.com/jobs/4807419.html,"113.32101800711966,23.12881658118811"
北京瑞友科技股份有限公司,广州天河区员村建中路4446号天河软件园,https://www.lagou.com/jobs/4703476.html,"113.37833949164187,23.130139320112114"
广州市安发网络科技有限公司,广州天河区石牌桥丰兴广场B座18楼（地铁三号线石牌桥B出口旁边）,https://www.lagou.com/jobs/3869212.html,"113.33987925988927,23.13903541410784"
广州业速教育科技有限公司,广州天河区林河中路150160号天誉花园一期6楼,https://www.lagou.com/jobs/3956147.html,"113.33255856944324,23.151784448681113"
上海维恩孛特信息技术有限公司,广州天河区员村天府路233号华建大厦,https://www.lagou.com/jobs/4871607.html,"113.36815719689302,23.137584614034633"
数码辰星科技发展（北京）有限公司,广州海珠区晓港新港新路135号，中大科技园B座16楼，中大地铁站上,https://www.lagou.com/jobs/4700457.html,"113.29733883468117,23.09926717865872"
北京启明星辰信息安全技术有限公司,广州天河区员村启明星辰大厦,https://www.lagou.com/jobs/4725329.html,"113.36440740020396,23.120595600030125"
广东优计划科技有限公司,广州天河区龙口广州市天河区龙口西路1号保利中辰广场A座15整层,https://www.lagou.com/jobs/4722919.html,"113.34350938701326,23.139800392325988"
德讯科技股份有限公司,广州天河区中山大道西华景路1号南方通信大厦801室,https://www.lagou.com/jobs/4305750.html,"113.36393627309974,23.14086420050755"
武汉佰钧成技术有限责任公司,广州越秀区岭南广州市越秀区东华西路59号移动大厦,https://www.lagou.com/jobs/4283135.html,"113.28642256953425,23.128731163973974"
信必优(深圳)信息技术有限公司,广州天河区天河城天河区,https://www.lagou.com/jobs/3943569.html,"113.32917331860459,23.13875698808512"
广州林邦信息科技有限公司,广州萝岗区科学大道286号七喜大厦6072,https://www.lagou.com/jobs/4130618.html,"113.46495757993783,23.174042560313378"
广东蜂助手网络技术股份有限公司,广州天河区石牌龙口东横街28号丽柏国际酒店23层（天娱广场后面）,https://www.lagou.com/jobs/4338358.html,"113.3458098593896,23.14242909659277"
安徽百得思维信息科技有限公司,广州海珠区赤岗金菊路10号,https://www.lagou.com/jobs/4813201.html,"113.31942980567347,23.1066780868006"
万惠投资管理有限公司,广州天河区珠江新城珠江新城高德置地冬广场H座34楼,https://www.lagou.com/jobs/4813429.html,"113.33379929194541,23.125444250501015"
广州天维信息技术有限公司,广州天河区软件路11号6楼,https://www.lagou.com/jobs/153800.html,"113.41894766169867,23.177185624012647"
广东掏掏汽配科技股份有限公司,广州白云区三元里广园中路383号E区,https://www.lagou.com/jobs/3048917.html,"113.28156818315318,23.166997870134136"
广东省电信规划设计院有限公司,广州天河区华景新城中山大道华景路1号南方通信大厦,https://www.lagou.com/jobs/4557625.html,"113.36393627309974,23.14086420050755"
广东一站网络科技有限公司,广州越秀区东风东东风中路389号壬丰商务大厦15楼一站网,https://www.lagou.com/jobs/4855088.html,"113.2773971144174,23.137782906516637"
广州快塑电子商务有限公司,广州天河区珠江新城珠江东路28号越秀金融大厦609616,https://www.lagou.com/jobs/3400753.html,"113.33284883081784,23.129745738723223"
武汉佰钧成技术有限责任公司,广州天河区员村天河软件园科韵路园区建中路60号,https://www.lagou.com/jobs/3438652.html,"113.37691366250976,23.12932397077903"
广州市恒生国际旅行社有限公司,广州海珠区南石头南边路38号1918智能网联产业园内,https://www.lagou.com/jobs/2740669.html,"113.27064411656515,23.082886903998702"
广州南北电子科技有限公司,广州萝岗区科学城天丰路5号启明大厦二层,https://www.lagou.com/jobs/4152354.html,"113.46822968111277,23.16618545319774"
广州傲银信息科技有限责任公司,广州海珠区琶洲琶洲保利叁悦广场C塔1009,https://www.lagou.com/jobs/4896844.html,"113.39128678602071,23.108080009949692"
广州创变者旅行社有限公司,广州海珠区客村客村赤岗西路288号杨协成电子创意园B24,https://www.lagou.com/jobs/4809514.html,"113.32811675861326,23.095927125984385"
大圣科技股份有限公司,广州荔湾区芳村长堤街1号,https://www.lagou.com/jobs/2826188.html,"113.24886177785122,23.10518844033607"
信必优(深圳)信息技术有限公司,广州天河区天河城太古汇,https://www.lagou.com/jobs/4725189.html,"113.33912451887123,23.14007345064082"
广州康乐富健康管家有限公司,广州天河区长兴路5号B栋二楼8207室,https://www.lagou.com/jobs/3687786.html,"113.35263685100888,23.175670673916013"
广州人资选互联网科技有限公司,广州天河区珠江新城珠江西路15号珠江城大厦4103,https://www.lagou.com/jobs/3433630.html,"113.32945038566785,23.13002433380578"
广州市巴图鲁信息科技有限公司,广州海珠区南洲沥滘路368号广州之窗商务港17层（三号线沥滘地铁站，F出口）,https://www.lagou.com/jobs/278742.html,"113.31951162603421,23.060067923853463"
铂涛信息技术（广州）有限公司,广州海珠区瑞宝新滘西路300号铂涛大厦,https://www.lagou.com/jobs/4394627.html,"113.29310608289924,23.080328715433502"
广州市华越友联科技发展有限公司,广州荔湾区昌华黄沙大道144号大冶有色金属大厦1001,https://www.lagou.com/jobs/3276896.html,"113.23782181783224,23.12360463953321"
广州趣丸网络科技有限公司,广州天河区棠下棠下荷光三横路9号盛达商务园C座34楼,https://www.lagou.com/jobs/3799458.html,"113.38171755154491,23.138575297591345"
佛山市宝诗龙精密五金有限公司,广州天河区沙河珠江新城冼村路11号保利威座北塔2902,https://www.lagou.com/jobs/4800926.html,"113.33373451244019,23.12759195120082"
北京智蓝云信科技有限公司,广州天河区科韵路16号信息港A栋15楼,https://www.lagou.com/jobs/4795896.html,"113.38020667983022,23.13183802233798"
上海中软华腾软件系统有限公司,广州天河区员村广州天河区平云广场,https://www.lagou.com/jobs/4760555.html,"113.35713325815281,23.12473007948776"
广州博鳌纵横网络科技有限公司,广州天河区冼村珠江新城珠江城大厦56楼,https://www.lagou.com/jobs/4345227.html,"113.32945038566785,23.13002433380578"
广东一站网络科技有限公司,广州天河区员村棠下涌东路,https://www.lagou.com/jobs/4786989.html,"113.36440740020396,23.120595600030125"
广州玖维信息科技有限公司,广州天河区五山五山路,https://www.lagou.com/jobs/4520234.html,"113.3595766742917,23.157838126075717"
广州易方信息科技股份有限公司,广州番禺区大学城广州大学城外环西路100号广州国家IC基地605室,https://www.lagou.com/jobs/4832880.html,"113.40587687187157,23.04136104121821"
广州威尔森信息科技有限公司,广州天河区猎德珠江东路12号高德置地H座,https://www.lagou.com/jobs/3391288.html,"113.33978197340257,23.120500456712758"
广州赛森软件开发有限公司,广州海珠区新港新港西路135号中大科技园A座408室,https://www.lagou.com/jobs/4785171.html,"113.29830171218748,23.09923205251988"
大圣科技股份有限公司,广州荔湾区芳村广州市荔湾区长堤街1号,https://www.lagou.com/jobs/1424286.html,"113.24886177785122,23.10518844033607"
广州广电运通信息科技有限公司,广州白云区人和南航信息大楼,https://www.lagou.com/jobs/4158590.html,"113.29950707468987,23.340147853997262"
连尚（北京）网络科技有限公司,广州天河区广州市天河区林和东路285号天安人寿中心,https://www.lagou.com/jobs/4686715.html,"113.33493269696369,23.154552858322116"
重庆气盖世网络科技有限公司,广州天河区沙河广东省广州市天河区珠江新城华明路华普广场西塔913,https://www.lagou.com/jobs/4826094.html,"113.32280325726926,23.12865619699867"
广州碧软信息科技有限公司,广州白云区机场路飞翔公园地铁站附近,https://www.lagou.com/jobs/2753448.html,"113.26399858770645,23.171311439410566"
北京智蓝云信科技有限公司,广州天河区天河科技园建中路4446号6层,https://www.lagou.com/jobs/4795929.html,"113.3785928137956,23.132784241264588"
广州惠侨计算机科技有限公司,广州市越秀区沙河富力东山新天地10楼,https://www.lagou.com/jobs/3675881.html,"113.32106218488632,23.132816560920993"
广州市盈泽信息科技有限公司,广州天河区五山广州市天河区长福路207号长兴智汇商务中心D座301B,https://www.lagou.com/jobs/3052810.html,"113.35503035549704,23.172154679830182"
上海中软华腾软件系统有限公司,广州天河区天河公园科韵路,https://www.lagou.com/jobs/4714613.html,"113.3740759504386,23.133934741654922"
广州久邦世纪科技有限公司,广州越秀区中山三路33号中华国际中心A座16、17楼,https://www.lagou.com/jobs/3512031.html,"113.28826188150603,23.131884371130646"
广东联合电服数据科技股份有限公司,广州越秀区建设华侨新村和平路10号,https://www.lagou.com/jobs/4363800.html,"113.29527591919684,23.143769082256796"
广州华多网络科技有限公司,广州番禺区万博商务区万达广场B1座,https://www.lagou.com/jobs/4823819.html,"113.35521477222835,23.01216154578835"
广州至真信息科技有限公司,广州天河区中山大道建工路4号佳都大厦,https://www.lagou.com/jobs/4872501.html,"113.37884264423582,23.130468280587273"
广州悦信无线科技有限公司,广州萝岗区开创大道2707号万达广场B1栋601602室,https://www.lagou.com/jobs/3492860.html,"113.47328966537076,23.17415018934588"
泛纬咨询（深圳）有限公司,广州天河区信息港大厦,https://www.lagou.com/jobs/4805632.html,"113.3856428913265,23.166129265424512"
广东博安达环境科技有限公司,广州天河区明旭街1号万科云城米酷B1栋608610,https://www.lagou.com/jobs/4868647.html,"113.41313685213635,23.172773166453023"
金锡科技（广州）有限公司,广州越秀区东方宾馆3号楼12楼3208室,https://www.lagou.com/jobs/4271763.html,"113.26579816043909,23.145662211095516"
广州皓云原智信息科技有限公司,广州天河区林和天河东路240号,https://www.lagou.com/jobs/4769397.html,"113.3402377745165,23.143715747677668"
广州太平洋电脑信息咨询有限公司,广州天河区高普路115号,https://www.lagou.com/jobs/4826141.html,"113.42152723849519,23.18178272964785"
广州明动软件股份有限公司,广州天河区元岗长湴白沙水路89号长湴创意园A栋,https://www.lagou.com/jobs/4773632.html,"113.35716616128703,23.183434753327887"
广州大象健康科技有限公司,广州天河区宏太智慧谷,https://www.lagou.com/jobs/4800759.html,"113.42335261774848,23.180259889801977"
广州闻乐教育科技有限公司,广州天河区员村科韵路天河软件园建工路天信楼13号703室,https://www.lagou.com/jobs/3081830.html,"113.37911597794138,23.12878387628191"
品骏控股有限公司,广州海珠区琶洲琶洲万胜广场,https://www.lagou.com/jobs/4488097.html,"113.38888020849247,23.103151530182828"
广州智干电子商务科技有限公司,广州海珠区琶洲大道83号宝地广场16021室,https://www.lagou.com/jobs/4159516.html,"113.34959054341532,23.108297612197678"
北京智蓝云信科技有限公司,广州天河区天河公园天河区科韵路16号信息港A栋15楼,https://www.lagou.com/jobs/4789544.html,"113.38020667983022,23.13183802233798"
广州健云信息技术有限公司,广州越秀区越秀区广州大道中307号富力东山新天地602室,https://www.lagou.com/jobs/4836324.html,"113.32106218488632,23.132816560920993"
广东南方家庭购物有限公司,广州越秀区人民北路686号太平洋影音大厦6层（广东广播电台大院内）,https://www.lagou.com/jobs/4784609.html,"113.26420808692421,23.143574459526853"
广州创发软件开发有限公司,黄村智汇园B406,https://www.lagou.com/jobs/1711642.html,"0,0"
广州华多网络科技有限公司,广州番禺区广州市番禺区万博商务区万达商业广场北区B1栋,https://www.lagou.com/jobs/3789475.html,"113.41679952964883,22.93459079579793"
广州快效信息技术有限公司,广州海珠区琶洲大道保利国际南塔1205,https://www.lagou.com/jobs/4588503.html,"113.35989182591537,23.1068587507384"
广州微乾软件信息科技有限公司,广州越秀区岭南珠江新城临江大道保利中心,https://www.lagou.com/jobs/4706764.html,"113.33349096564702,23.125725693998607"
中兴软创科技股份有限公司,广州番禺区大石石北工业路644号巨大创意产业园19栋3楼,https://www.lagou.com/jobs/4547810.html,"113.29395235765548,23.019764006901603"
广州玖维信息科技有限公司,广州天河区五山五山路,https://www.lagou.com/jobs/4520328.html,"113.3595766742917,23.157838126075717"
广州维朗网络科技有限公司,广州天河区珠江新城广州市天河区金穗路62号侨鑫国际大厦,https://www.lagou.com/jobs/4680101.html,"113.32805136107386,23.128044299732867"
广州大象健康科技有限公司,广州天河区宏太智慧谷,https://www.lagou.com/jobs/4680419.html,"113.42335261774848,23.180259889801977"
广州餐道信息科技有限公司,广州市市市荔湾区芳村芳村大道下市直街一号会馆自编5A25B2单元,https://www.lagou.com/jobs/3566032.html,"113.2421756001121,23.107309474550185"
广东南方网络电视传媒有限公司,广州海珠区官洲国际生物岛寰宇三路36、38号合景星辉广场北塔503,https://www.lagou.com/jobs/4634962.html,"113.37721391483825,23.073456347349364"
京滴信息科技（广州）有限公司,广州天河区体育中心体育东路148号南方证券大厦16楼1605,https://www.lagou.com/jobs/4358292.html,"113.33558101983908,23.144901374587675"
恒拓开源信息科技股份有限公司广州分公司,广州天河区冼村珠江新城无限极保利威座北塔,https://www.lagou.com/jobs/4822996.html,"113.33310522697302,23.127227073203628"
广东优计划科技有限公司,广州天河区龙口西路1号保利中辰广场A座15楼,https://www.lagou.com/jobs/4436198.html,"113.34350938701326,23.139800392325988"
广州中国科学院软件应用技术研究所,广州南沙区南沙区海滨路1121号,https://www.lagou.com/jobs/3539848.html,"113.54762830901058,22.831456166664335"
大圣科技股份有限公司,广州荔湾区芳村广州市荔湾区长堤街1号,https://www.lagou.com/jobs/1422976.html,"113.24886177785122,23.10518844033607"
论客科技（广州）有限公司,广州番禺区大学城州大学城综合信息枢纽楼（电信大楼）东入口五楼,https://www.lagou.com/jobs/4063522.html,"113.40085066839228,23.064408982302982"
氪金信息科技（天津）有限公司,广州天河区车陂中山大道中379号联合社区东区6栋楼5层65176518室,https://www.lagou.com/jobs/4770267.html,"113.40949136219155,23.131251201075678"
广州以大计算机科技有限公司,广州天河区元岗元岗路310号智汇parkA栋（天河客运站D出口）,https://www.lagou.com/jobs/4139976.html,"113.34801799763753,23.180424741621675"
上海游民网络科技有限公司,广州天河区棠下中山大道西汇鑫商业大厦3楼,https://www.lagou.com/jobs/4810758.html,"113.38744435427088,23.13092443474373"
英思达（广州）科技有限公司,广州越秀区解放北越秀公园地铁站C出口,https://www.lagou.com/jobs/4610935.html,"113.27579491647306,23.147805233089723"
广州市坤盛信息科技有限公司,广州天河区五山中山大道西89号华景新城华景软件园A栋11楼北917室,https://www.lagou.com/jobs/4693938.html,"113.3628800032611,23.14106168388106"
大圣科技股份有限公司,广州荔湾区芳村长堤街1号,https://www.lagou.com/jobs/4724876.html,"113.24886177785122,23.10518844033607"
广州明动软件股份有限公司,广州天河区元岗长湴白沙水路89号长湴创意园A栋,https://www.lagou.com/jobs/4817141.html,"113.35716616128703,23.183434753327887"
佛山市宝诗龙精密五金有限公司,广州天河区员村广州市天河区马场路539号18楼,https://www.lagou.com/jobs/4385480.html,"113.34971983832394,23.129480864132276"
广州德惟科技有限公司,广州天河区体育西路城建大厦,https://www.lagou.com/jobs/4854811.html,"113.32742016041935,23.145062808731684"
前海易物（深圳）电子商务有限公司广州分公司,广州海珠区琶洲新港东路1000号保利世贸中心C座2011室,https://www.lagou.com/jobs/4877040.html,"113.3735362520816,23.102665795086697"
广东原动力信息科技有限责任公司,广州天河区珠江新城陶育路82号暨南商务中心4楼,https://www.lagou.com/jobs/4223108.html,"113.35142254677345,23.135386462925"
广州天禧游信息科技有限公司,广州番禺区南村万博上城国际2栋1804（南村万博地铁站7号线）,https://www.lagou.com/jobs/4758895.html,"113.35711327355014,23.007195758711752"
深圳市易聆科信息技术股份有限公司,广州天河区石牌广州市天河区龙口东横街28号丽柏酒店东塔24132416室,https://www.lagou.com/jobs/1879222.html,"113.34668185802244,23.145026845178215"
广州铠源信息科技有限公司,广州天河区林和西路9号耀中广场B座3609,https://www.lagou.com/jobs/4514498.html,"113.33020019498865,23.148563788158977"
广州火鹰信息科技有限公司,广州番禺区南浦万兴一路8号广州凹凸凹电商创意产业园B栋301,https://www.lagou.com/jobs/4269981.html,"113.37421116428222,22.956132815238142"
广州大象健康科技有限公司,广州天河区宏太智慧谷,https://www.lagou.com/jobs/4611614.html,"113.42335261774848,23.180259889801977"
品骏控股有限公司,广州海珠区琶洲琶洲万胜广场,https://www.lagou.com/jobs/3688087.html,"113.38888020849247,23.103151530182828"
广州华资软件技术有限公司,广州天河区棠下建中路12号,https://www.lagou.com/jobs/4911584.html,"113.37782586211075,23.132361108023694"
广州玖维信息科技有限公司,广州天河区天河城天河路,https://www.lagou.com/jobs/4664613.html,"113.32917331860459,23.13875698808512"
广东道一信息技术股份有限公司,广州天河区天河公园员村一横路3号华颖轩2楼,https://www.lagou.com/jobs/4882262.html,"113.35927726906533,23.12856816178862"
广州德惟科技有限公司,广州天河区员村体育西路城建大厦,https://www.lagou.com/jobs/4497498.html,"113.32742016041935,23.145062808731684"
广东健客医药有限公司,广州萝岗区萝岗区科学大道中99号科汇金谷S栋四街4号一楼前台大厅,https://www.lagou.com/jobs/4247602.html,"113.44182679067397,23.17311652254065"
广州纳斯威尔信息技术有限公司,广州越秀区水荫路119号,https://www.lagou.com/jobs/4254992.html,"113.31831307717911,23.14863265072925"
广州虎牙信息科技有限公司,广州番禺区广州市番禺区广州市番禺区万博商务区万达商业广场北区B1栋,https://www.lagou.com/jobs/4859066.html,"113.41679952964883,22.93459079579793"
广州伯纳链信息科技有限公司,广州天河区天河公园黄埔大道中207号伟诚大厦2001,https://www.lagou.com/jobs/4844633.html,"113.37390530383246,23.128005945222018"
广州时刻销销网络科技有限公司,广州白云区同德西槎路聚源街50号园区运营招商中心10楼11楼,https://www.lagou.com/jobs/4073472.html,"113.24427946575139,23.187489963315244"
广东彩搜网络技术股份有限公司,广州天河区珠江新城高德置地冬广场H座,https://www.lagou.com/jobs/2977636.html,"113.33379929194541,23.125444250501015"
北京滴普科技有限公司,广州天河区中泰北塔,https://www.lagou.com/jobs/4784593.html,"113.32902765746789,23.156005160552333"
广州傲银信息科技有限责任公司,广州海珠区琶洲琶洲保利叁悦广场C塔1009,https://www.lagou.com/jobs/4614998.html,"113.39128678602071,23.108080009949692"
广州合富信息科技有限公司,广州天河区珠江新城珠江新城华成路2号名悦大厦,https://www.lagou.com/jobs/4400431.html,"113.32319116894426,23.126611707157743"
深圳来电科技有限公司,广州番禺区大石大石街石北工业路684号巨大创意产业园12栋（东塔）6楼,https://www.lagou.com/jobs/4848025.html,"113.29395235765548,23.019764006901603"
广州云徙科技有限公司,广州黄埔区鱼珠鱼珠地铁站出口（锦田花园旁）鱼珠智谷创业产业园,https://www.lagou.com/jobs/3900963.html,"113.4359453087223,23.104386768549677"
蛮蛮天下（北京）网络科技有限公司,广州天河区员村广州天河区天河软件园建中路60号科迅大厦438,https://www.lagou.com/jobs/3153739.html,"113.37689148604164,23.12932223793473"
广州市巴图鲁信息科技有限公司,广州海珠区广州之窗商务港17楼（地铁3号线沥滘地铁F出口）,https://www.lagou.com/jobs/3825095.html,"113.31951162603421,23.060067923853463"
广州好易电子联行服务有限公司,广州番禺区大学城小谷围街道青蓝街26号研发楼6楼地铁4号线大学城北站地铁口,https://www.lagou.com/jobs/3207502.html,"113.39290991717834,23.062834339484247"
